Umur,Pemasukan,Keluarga,Edukasi,Hipotek,Pinjaman Pribadi,Rekening Efek,Sertifikat Deposito,Online,Kartu Kredit
35,81,3,2,104,0,0,0,1,0
34,180,1,3,0,1,0,0,0,0
38,130,4,3,134,1,0,0,0,0
46,193,2,3,0,1,0,0,0,0
56,25,4,2,111,0,0,0,1,0
29,62,1,1,260,0,0,0,1,0
40,83,4,3,0,0,0,0,0,0
38,119,1,2,0,1,0,1,1,1
59,35,1,3,122,0,0,0,1,0
30,18,3,3,0,0,0,0,0,0
51,71,1,3,198,0,0,0,0,0
42,141,3,3,0,1,1,1,1,0
32,132,4,2,412,1,0,0,1,0
37,194,4,3,211,1,1,1,1,1
30,72,1,1,207,0,0,0,0,0
50,190,3,3,240,1,0,0,1,0
56,131,2,3,0,1,0,0,0,0
49,39,3,2,0,0,1,0,1,0
42,115,1,1,0,0,0,0,0,1
31,135,4,2,0,1,0,1,1,1
54,133,2,3,0,1,0,0,0,0
47,40,3,2,0,0,0,0,1,0
55,118,4,2,0,1,0,0,1,0
24,35,3,2,0,0,1,0,1,0
33,32,1,3,166,0,0,0,1,0
52,38,3,3,0,0,0,0,1,0
58,149,4,2,0,1,0,1,1,1
30,39,3,2,0,0,0,0,1,0
58,45,4,1,0,0,0,0,1,1
59,124,1,1,0,0,0,0,0,1
50,83,4,3,188,0,0,0,1,0
26,132,3,3,0,1,0,0,0,1
60,22,2,1,0,0,1,1,1,1
32,79,2,3,0,0,0,0,1,1
29,134,4,3,0,1,0,0,0,0
53,92,2,1,0,0,1,0,0,0
27,43,1,1,0,0,0,0,1,0
25,21,3,2,0,0,0,0,0,0
38,171,2,1,0,0,0,0,1,0
42,168,2,2,0,1,0,0,1,0
29,148,3,1,0,1,0,0,1,0
46,159,3,3,315,1,0,0,1,0
48,21,4,1,0,0,0,0,1,1
34,13,4,1,95,0,1,0,1,0
55,9,4,1,89,0,0,0,1,0
36,158,1,3,0,1,0,1,1,1
64,172,4,1,282,1,0,1,1,1
27,125,2,1,0,0,0,0,0,0
56,61,1,3,0,0,0,0,1,1
55,41,3,3,0,0,0,0,1,0
26,80,1,2,150,0,0,0,0,0
65,170,3,3,99,1,0,1,1,0
53,120,4,2,111,1,1,1,1,0
54,170,2,2,325,1,0,0,1,0
65,134,3,3,121,1,0,0,1,0
42,111,2,3,251,1,0,0,1,0
27,74,4,2,112,0,0,0,1,1
45,38,2,1,0,0,0,0,0,0
49,23,4,3,98,0,1,0,0,0
29,30,4,3,0,0,0,0,0,0
44,172,2,3,391,1,1,1,1,0
41,159,1,3,0,1,0,1,1,0
65,150,2,1,196,0,0,0,0,0
49,195,4,1,617,1,0,0,0,0
24,51,3,3,0,0,0,0,1,0
57,165,1,2,0,1,0,0,1,0
40,119,2,2,0,1,0,0,1,0
60,64,1,2,248,0,0,0,0,0
44,101,3,2,82,1,0,0,0,0
63,101,1,1,0,1,1,1,1,0
59,99,1,1,0,1,0,0,0,0
56,158,4,1,0,1,0,0,0,0
54,89,1,2,0,0,0,0,1,1
54,78,4,2,0,0,0,0,1,0
32,28,3,1,0,0,0,0,0,0
59,42,1,2,0,0,0,0,1,0
43,118,2,1,0,0,0,0,0,1
40,173,4,1,0,1,0,1,1,1
26,60,2,1,132,1,0,0,0,0
28,155,4,2,0,1,0,0,1,0
52,91,4,2,0,0,0,0,0,1
43,71,3,3,0,0,0,0,0,1
32,32,1,3,0,0,0,0,1,0
57,174,1,2,466,1,0,0,1,0
65,133,4,1,0,1,0,0,0,1
54,100,4,3,0,1,0,0,0,0
45,45,1,1,0,0,0,0,1,0
36,179,3,1,0,1,0,0,1,0
45,89,4,3,0,0,0,0,1,0
53,83,4,2,0,0,0,0,1,0
28,115,4,2,0,1,0,0,0,0
37,78,4,2,0,0,0,0,1,0
58,113,2,2,119,1,0,1,1,1
58,122,1,3,115,1,0,0,1,0
48,20,1,1,0,0,0,0,1,1
35,200,2,1,458,0,0,0,0,0
60,141,2,1,0,0,0,0,1,1
29,183,3,3,0,1,0,0,1,0
48,149,2,2,0,1,1,1,1,0
43,83,4,3,0,1,0,0,0,1
64,182,1,2,547,1,0,0,1,0
43,152,3,2,0,1,0,0,0,0
44,150,2,1,0,0,0,0,0,1
56,173,1,2,88,1,0,1,1,0
37,43,3,1,0,0,0,0,1,0
50,173,1,1,0,0,0,0,1,1
36,69,3,2,0,1,0,0,1,0
47,15,2,3,0,0,0,0,0,0
27,74,3,3,0,0,0,0,1,0
53,81,3,2,0,0,0,0,0,0
34,48,1,3,105,0,0,0,1,0
36,72,1,1,224,0,0,0,0,0
64,122,4,1,378,1,0,0,1,0
54,21,2,1,0,0,0,0,0,1
44,131,1,3,0,1,0,0,1,0
57,21,1,3,117,0,0,0,0,0
60,54,3,2,0,0,0,0,1,1
30,38,4,2,0,0,1,0,0,0
53,175,3,3,0,1,0,1,1,1
49,161,3,2,485,1,1,1,0,0
34,83,4,3,0,0,0,0,1,0
31,128,1,1,0,0,0,0,0,0
33,48,4,2,0,0,0,0,1,0
48,152,1,3,0,1,0,0,1,0
56,141,2,1,0,0,0,0,1,0
28,170,1,3,0,1,0,0,0,0
65,129,1,1,0,0,0,0,1,1
63,42,2,3,115,0,0,0,1,0
33,115,4,2,0,1,0,0,1,0
57,165,4,3,0,1,0,0,1,0
45,152,2,1,0,0,0,0,1,0
47,122,1,3,163,1,1,0,0,0
54,129,4,3,0,1,0,0,0,0
50,13,2,3,0,0,0,0,0,0
38,23,1,3,0,0,0,0,0,0
63,79,4,2,0,0,0,0,1,1
65,185,3,2,0,1,0,0,0,0
65,105,1,2,282,1,1,1,1,0
34,164,1,3,0,1,0,0,1,0
35,48,2,2,0,0,0,0,1,0
54,18,1,1,0,0,1,1,1,0
59,52,2,3,75,0,0,0,1,0
35,109,3,1,0,1,0,0,0,0
47,25,3,2,0,0,0,0,1,1
58,38,1,3,0,0,0,0,0,0
45,132,3,2,0,1,0,1,1,1
45,114,2,2,0,1,0,0,0,0
33,49,4,2,0,0,0,0,1,0
61,152,3,3,0,1,0,0,1,0
64,138,2,2,0,1,0,0,1,0
49,82,2,2,0,0,0,0,0,0
29,52,3,2,0,0,0,0,1,0
32,85,1,2,100,0,0,0,1,0
47,109,4,1,0,1,0,0,0,0
26,172,2,2,0,1,0,0,1,0
54,165,1,3,0,1,0,1,1,1
50,135,2,3,91,1,0,0,1,0
53,192,2,3,0,1,0,0,0,0
56,158,3,3,0,1,0,0,1,0
54,194,3,3,587,1,1,1,1,1
45,202,3,3,0,1,0,0,0,0
57,15,2,3,0,0,0,0,0,1
29,38,1,2,0,0,0,0,0,0
55,132,3,2,307,1,0,0,0,0
54,111,1,3,0,0,0,0,0,1
36,65,4,2,0,0,0,0,0,0
50,130,1,2,0,1,0,0,1,0
37,34,3,2,0,0,0,0,0,0
29,72,3,2,81,0,0,0,0,0
36,150,4,1,0,1,1,1,1,0
39,79,4,1,0,0,0,0,0,0
62,42,1,3,0,0,0,0,0,0
63,124,3,2,170,1,0,0,0,0
43,35,3,1,0,0,0,0,1,0
63,84,4,2,0,0,0,0,1,0
44,154,2,1,0,0,0,0,1,0
51,78,1,1,305,0,0,0,1,0
54,74,3,2,0,0,0,0,0,0
57,182,2,3,372,1,0,0,0,0
32,120,4,1,301,1,0,1,1,1
58,43,3,1,0,0,0,0,0,1
43,84,4,3,289,0,1,1,1,1
50,161,3,1,212,1,0,0,1,0
30,172,3,2,0,1,0,0,0,1
65,195,3,1,0,1,1,1,0,1
53,184,1,1,303,0,0,0,1,0
51,88,1,2,0,0,1,0,0,1
55,32,4,3,0,0,1,0,0,0
65,95,3,2,138,1,0,0,0,1
55,22,1,2,91,0,0,0,0,1
28,43,3,2,0,0,0,0,1,0
61,193,1,3,203,1,0,0,1,0
38,129,4,1,140,1,0,0,0,0
57,33,1,2,0,0,0,0,1,0
59,83,2,3,0,1,0,0,1,0
37,169,2,3,249,1,0,0,1,0
46,144,2,1,0,0,0,0,1,1
62,135,2,2,0,1,0,0,1,0
41,58,3,3,0,0,0,0,1,0
43,174,3,3,231,1,0,1,1,1
40,50,2,1,174,0,0,0,0,0
63,54,3,1,0,0,0,0,1,0
63,83,2,1,0,1,0,0,0,0
36,142,3,2,0,1,0,1,1,1
63,32,1,2,100,0,0,0,0,0
41,185,1,2,0,1,0,0,0,0
25,62,4,1,229,0,0,0,1,0
44,99,3,3,357,1,0,0,0,0
50,152,1,1,0,0,0,0,1,0
50,192,2,3,301,1,0,1,1,1
27,118,1,2,0,1,0,0,1,0
58,122,4,2,0,1,0,1,1,0
29,110,4,3,0,1,0,0,0,0
56,145,4,2,0,1,0,1,1,1
41,175,2,3,0,1,0,0,1,0
36,78,4,3,163,0,0,0,0,0
55,73,4,2,0,0,0,0,0,0
62,90,3,1,0,0,0,0,1,0
53,145,2,3,294,1,0,1,1,1
58,51,1,2,0,0,0,0,1,0
47,83,1,1,97,1,0,0,0,0
41,138,3,2,0,1,0,0,1,0
30,125,4,3,0,1,0,1,1,0
44,75,2,1,0,1,0,0,1,0
29,175,3,3,329,1,0,0,1,0
51,39,2,1,182,0,0,0,0,1
60,191,4,3,0,1,0,0,0,0
50,188,3,1,184,1,0,0,0,1
35,182,1,2,229,1,0,1,1,1
55,61,4,2,0,0,0,0,1,1
54,183,1,1,442,0,0,0,0,0
28,70,3,3,0,0,0,0,0,1
32,104,2,1,0,1,0,0,0,1
30,171,2,2,0,1,0,0,0,0
30,73,3,1,0,1,0,1,1,1
57,9,1,2,91,0,1,0,1,0
51,134,4,3,0,1,1,1,1,0
32,143,3,3,0,1,0,0,1,0
44,75,4,1,0,0,0,0,0,0
33,120,1,3,0,1,0,0,1,0
50,23,4,1,0,0,0,0,0,1
36,181,3,1,0,1,0,0,0,0
41,94,3,2,327,1,1,1,1,0
30,112,4,2,0,1,0,0,0,1
49,45,3,2,0,0,1,0,1,0
29,103,4,1,0,1,0,0,1,0
28,71,1,2,149,1,1,1,1,0
33,14,1,2,98,0,0,0,1,0
32,123,2,2,0,1,0,0,1,0
40,42,2,1,101,0,0,0,1,0
26,190,4,2,197,1,0,0,1,0
63,165,4,3,0,1,0,0,0,0
30,118,2,2,0,1,0,0,0,0
53,22,2,1,0,0,0,0,1,0
38,169,1,3,0,1,0,1,1,1
64,39,1,3,0,0,1,1,1,1
33,130,3,2,99,1,0,0,0,1
46,41,1,3,128,0,0,0,1,0
42,93,4,3,0,0,0,0,0,0
34,31,1,1,104,0,0,0,1,1
60,130,3,3,437,1,0,1,1,1
48,84,2,3,145,0,0,0,0,0
38,113,4,2,0,1,0,0,0,1
63,129,1,1,366,0,0,0,1,0
56,164,4,2,234,1,0,1,1,1
32,28,2,2,88,0,0,0,1,0
34,31,4,3,0,0,0,0,1,1
52,78,4,3,141,0,0,0,1,0
32,35,2,1,0,0,0,0,0,1
31,192,1,2,0,1,0,0,1,0
60,145,4,1,380,1,0,0,0,1
47,35,2,1,0,0,0,0,1,0
26,179,4,2,0,1,0,0,0,0
52,180,2,2,297,1,0,0,1,0
35,82,4,1,0,0,0,0,0,0
26,171,3,2,0,1,0,0,1,0
55,53,1,1,0,0,0,0,0,0
50,83,1,2,0,0,0,0,1,1
60,43,3,3,0,0,0,0,1,1
39,139,3,1,483,1,0,0,1,0
60,135,3,3,0,1,0,0,1,0
59,84,3,3,0,0,0,0,1,0
50,179,1,3,0,1,0,0,0,1
27,109,2,1,0,0,0,0,1,0
47,190,4,3,305,1,0,0,0,0
40,69,4,1,0,0,0,0,1,0
40,84,1,3,0,0,0,0,1,0
55,172,1,2,0,1,0,0,0,0
32,51,4,1,154,0,1,0,0,1
46,183,1,2,0,1,0,1,1,1
63,101,2,3,294,1,0,0,1,0
40,129,1,3,0,1,0,0,1,0
65,184,1,3,176,1,0,1,1,1
59,68,2,3,128,0,1,0,1,0
65,154,2,2,0,1,1,1,1,1
59,61,1,3,0,0,0,0,0,0
60,154,1,2,0,1,1,1,1,0
54,48,1,1,0,0,0,0,1,0
58,80,2,3,0,0,0,0,0,1
65,160,4,1,237,1,0,0,1,0
35,141,2,2,0,1,0,0,0,0
38,39,2,1,174,0,0,0,1,0
59,60,1,2,0,0,0,0,1,1
52,178,3,3,147,1,0,0,1,0
52,91,1,2,0,1,0,1,1,1
30,191,2,2,0,1,0,0,1,0
44,175,2,1,0,0,0,0,1,1
54,28,4,3,0,0,0,0,1,1
43,64,4,3,221,1,0,0,1,0
40,155,4,3,0,1,0,1,1,1
38,58,4,3,153,0,1,0,0,0
62,155,1,1,0,0,0,0,0,0
33,105,1,1,0,0,0,0,1,0
59,102,4,2,115,1,0,0,1,0
55,19,4,3,121,0,1,0,0,1
41,114,4,1,0,1,0,0,0,1
34,65,1,1,227,1,0,0,1,0
29,122,4,1,0,1,0,0,0,1
39,12,2,3,0,0,0,0,0,0
43,170,4,1,318,1,0,1,1,1
61,184,4,2,342,1,0,1,1,1
57,124,1,2,0,1,0,0,1,0
39,72,2,1,0,0,0,0,1,0
56,192,1,3,0,1,0,1,1,0
66,11,3,3,0,0,1,0,0,1
31,180,1,1,0,0,0,0,0,0
36,138,1,3,86,1,0,0,1,0
55,111,2,3,0,1,0,0,0,1
66,105,1,3,0,0,1,1,1,1
60,52,4,2,0,0,1,0,1,0
48,84,4,2,0,1,1,1,1,0
46,82,3,2,0,0,0,0,1,1
53,154,4,3,0,1,0,0,0,0
61,153,1,2,0,1,1,1,0,1
31,93,2,2,0,1,0,0,1,0
30,193,3,3,0,1,0,0,1,0
32,125,1,1,0,0,0,0,1,1
58,152,4,3,0,1,0,0,0,0
56,89,4,2,90,0,1,0,1,0
35,68,4,3,0,0,0,0,0,0
62,158,2,3,0,1,0,0,1,0
48,182,4,3,0,1,0,0,1,0
40,175,2,1,0,0,0,0,1,0
33,139,1,3,106,1,0,1,1,1
38,64,1,3,0,0,0,0,0,1
63,84,4,2,0,0,0,0,0,0
51,190,2,2,0,1,0,0,1,0
48,173,3,1,0,1,0,1,1,1
29,81,2,1,0,0,0,0,0,1
37,139,2,2,421,1,0,0,1,0
57,114,4,1,0,1,1,1,1,0
55,33,2,3,0,0,0,0,0,0
27,201,1,1,158,0,0,0,1,0
51,155,2,1,107,0,0,0,0,1
50,25,4,3,0,0,0,0,1,0
43,125,3,1,0,1,0,0,1,0
57,131,2,1,394,0,0,0,0,1
33,155,1,3,0,1,0,0,0,0
43,128,4,1,84,1,0,0,0,0
62,9,1,1,94,0,0,0,0,0
54,119,3,1,0,1,1,1,0,0
44,171,4,1,567,1,0,1,1,1
35,113,3,3,0,1,0,0,1,0
56,98,3,3,0,1,0,0,0,0
49,70,1,1,0,0,0,0,0,1
44,185,3,1,0,1,0,0,1,0
57,45,3,1,181,0,1,1,1,1
40,64,4,1,0,0,1,0,1,0
35,79,4,3,0,0,1,0,1,0
43,128,1,1,0,0,0,0,1,0
48,112,1,2,86,1,1,1,1,0
49,194,4,2,0,1,0,0,0,1
56,161,1,3,0,1,1,0,0,0
54,79,4,2,0,0,1,0,1,0
34,178,1,3,0,1,0,0,0,0
55,23,4,3,88,0,0,0,0,0
25,52,3,3,159,0,0,0,0,0
32,54,4,3,167,0,0,0,0,0
65,30,3,2,0,0,0,0,1,1
30,179,3,1,142,1,0,0,1,0
62,161,1,1,0,0,1,1,1,1
63,110,1,3,0,1,0,0,0,0
56,125,3,1,342,1,0,1,1,1
57,163,1,1,0,0,0,0,1,0
31,81,2,2,0,0,0,1,1,1
56,111,4,1,372,1,1,1,1,0
42,50,4,2,0,0,0,0,0,0
55,55,3,1,0,0,0,0,0,1
42,191,3,2,0,1,1,1,1,0
57,134,4,1,198,1,0,0,1,0
57,64,3,3,0,0,0,0,1,0
39,118,2,3,246,1,0,1,1,1
43,81,1,1,218,0,0,0,1,0
30,41,1,2,0,0,0,0,1,0
34,191,1,3,0,1,0,1,1,1
51,181,1,3,589,1,1,1,1,0
49,39,4,1,0,0,0,0,0,0
52,39,3,2,83,0,0,1,1,1
43,32,3,2,0,0,0,0,1,0
54,49,1,3,0,0,0,0,1,0
56,103,3,3,0,1,0,0,0,0
44,128,2,2,0,1,0,0,0,1
30,142,3,1,359,1,0,0,0,0
47,170,2,2,0,1,0,1,1,1
49,169,3,3,167,1,0,1,0,1
63,160,2,1,0,0,0,0,1,1
46,103,4,3,0,1,0,0,1,0
55,55,1,1,151,0,0,0,1,0
36,113,4,1,0,1,0,0,0,0
35,52,2,2,0,0,0,0,0,1
45,180,3,2,535,1,0,0,0,0
43,161,3,2,0,1,0,1,1,1
63,134,3,2,0,1,0,0,0,1
63,159,4,2,111,1,0,0,0,0
34,160,4,3,0,1,0,0,0,1
36,44,4,2,101,0,1,0,1,0
51,188,2,2,343,1,0,0,1,0
47,174,4,3,0,1,0,0,0,0
35,203,1,3,0,1,0,0,0,0
47,178,1,3,0,1,0,0,0,0
57,25,2,1,0,0,0,0,1,0
31,125,2,1,0,0,0,0,1,1
55,64,3,1,119,0,0,0,0,1
55,74,3,1,0,0,0,0,0,1
39,41,1,2,176,0,0,0,1,0
50,115,1,3,0,1,0,0,0,1
33,168,3,2,0,1,1,1,1,0
32,45,1,2,0,0,0,0,0,0
50,83,4,1,0,1,0,0,0,1
61,99,1,3,255,1,0,0,0,1
34,34,1,1,164,0,0,0,0,0
37,158,2,2,0,1,0,1,1,1
40,22,2,3,0,0,0,0,0,0
62,183,2,3,0,1,0,0,0,0
54,40,2,3,0,0,0,0,0,0
34,123,1,2,0,1,0,0,1,0
51,33,4,1,83,0,0,0,1,0
51,189,4,2,0,1,0,0,1,0
38,180,1,3,158,1,0,0,1,0
28,193,3,2,0,1,0,0,1,0
64,89,1,1,0,0,0,0,0,0
48,162,4,2,446,1,0,1,1,0
36,183,1,3,0,1,0,1,1,1
59,140,2,1,262,0,0,0,1,0
35,190,3,2,266,1,0,0,0,0
30,150,4,2,0,1,0,0,1,0
55,131,2,2,0,1,0,0,0,1
38,168,2,3,0,1,0,0,0,0
27,105,1,2,0,1,1,0,0,0
29,172,4,1,0,1,0,0,0,0
48,114,1,3,0,1,0,0,1,0
57,170,2,2,0,1,0,0,0,0
27,170,3,1,0,1,0,0,1,0
52,182,2,2,0,1,0,0,1,0
31,129,3,3,319,1,1,1,0,1
60,23,1,2,112,0,0,0,1,0
27,130,3,1,192,1,0,0,1,0
45,69,4,1,0,0,0,0,0,0
43,201,1,2,0,1,0,0,0,1
56,72,3,2,0,0,0,0,0,0
58,55,1,1,168,0,0,0,1,1
65,89,1,1,299,1,0,1,1,0
51,85,4,1,0,0,0,0,1,1
56,74,3,3,0,0,0,0,1,1
31,184,4,2,0,1,0,1,1,1
36,123,2,2,0,1,0,1,1,1
36,109,3,3,0,1,1,1,1,0
39,61,2,2,90,0,0,0,1,0
33,184,2,2,0,1,0,0,0,0
46,185,4,2,428,1,0,0,0,1
43,125,4,2,0,1,0,0,0,0
39,138,1,2,0,1,0,0,1,0
61,169,2,3,106,1,0,1,1,1
48,23,3,2,95,0,0,0,0,0
38,140,4,1,0,1,0,0,0,0
39,100,1,2,0,0,0,0,1,0
38,89,4,2,0,0,0,0,0,0
29,34,4,2,0,0,0,0,1,0
39,108,4,2,301,1,0,0,0,1
33,58,4,2,0,0,0,0,1,1
37,123,1,2,0,1,1,1,1,0
38,93,1,1,267,0,0,0,1,0
64,38,2,1,186,0,0,0,1,1
28,161,4,3,422,1,0,1,1,1
60,38,3,2,0,0,0,0,1,1
34,164,4,3,0,1,0,0,1,0
54,39,2,1,0,0,0,0,0,1
30,69,1,2,0,0,0,0,1,0
60,32,3,2,165,0,0,0,1,0
58,25,2,1,123,0,0,0,1,0
62,119,2,1,0,0,0,0,0,0
40,179,1,3,0,1,0,0,1,0
28,129,1,1,0,0,0,0,0,1
52,168,3,3,118,1,0,0,1,0
58,178,2,2,0,1,0,0,1,0
51,92,4,1,0,1,0,1,1,1
41,25,2,2,91,0,1,0,0,0
61,50,4,2,0,0,0,0,0,1
27,43,3,2,0,0,0,0,0,0
54,111,1,2,0,1,0,0,1,0
51,104,1,2,0,1,0,0,1,0
32,98,1,1,171,1,1,1,0,0
34,171,2,2,569,1,0,0,1,0
58,90,1,2,0,1,0,0,0,0
25,39,3,2,0,0,0,0,1,0
28,82,3,1,103,0,0,0,1,0
31,180,1,3,144,1,1,0,0,0
58,142,2,1,0,0,0,0,0,1
60,30,4,1,118,0,0,0,1,1
45,164,1,1,0,0,0,0,0,1
59,114,3,2,0,1,0,0,1,0
47,149,4,1,0,1,0,0,0,1
46,152,1,3,374,1,0,1,1,1
48,161,4,3,310,1,0,0,0,0
33,39,3,1,0,0,0,0,0,0
52,161,4,1,0,1,0,1,1,1
46,73,2,1,216,0,0,0,1,0
33,78,3,2,0,0,0,0,1,0
52,110,2,3,204,1,1,1,1,0
35,160,4,3,0,1,1,0,0,0
42,111,3,1,0,1,1,1,0,1
53,59,2,3,0,0,0,0,1,0
40,28,2,3,0,0,0,0,0,0
45,191,3,3,123,1,0,0,0,0
61,155,1,1,0,0,0,0,1,0
43,51,1,3,0,0,0,0,0,0
66,145,1,1,0,0,0,0,1,0
54,154,1,2,352,1,0,0,1,0
32,100,3,2,0,0,0,0,1,0
30,131,3,3,0,1,0,0,0,0
30,101,2,1,0,0,0,0,1,0
63,148,2,3,0,1,0,0,1,0
40,104,1,1,249,0,0,0,0,0
61,119,2,2,0,1,0,0,1,0
37,22,3,2,114,0,0,0,0,0
35,131,3,3,0,1,0,1,1,1
46,158,3,1,432,1,0,0,0,1
58,173,2,3,0,1,0,0,1,0
56,43,2,1,0,0,1,0,0,0
57,159,2,1,0,0,0,0,0,0
43,42,1,3,0,0,0,0,1,0
54,48,2,3,142,0,0,0,1,0
39,89,2,1,0,0,0,0,1,0
32,82,1,2,240,0,0,1,1,1
54,195,2,2,477,1,0,0,0,0
54,28,4,2,101,0,0,0,1,0
33,183,2,3,582,1,0,0,1,0
55,130,4,1,0,1,0,0,0,1
63,185,2,2,358,1,0,0,1,0
59,168,4,2,0,1,0,0,1,0
36,115,4,2,0,1,0,0,0,0
34,31,4,3,85,0,1,1,1,1
52,154,1,3,0,1,1,1,1,0
37,182,3,3,0,1,0,0,1,0
27,129,2,1,0,0,1,0,0,0
42,185,3,2,0,1,1,1,1,1
53,183,3,3,467,1,0,1,1,1
37,21,3,2,0,0,0,0,1,0
45,133,4,3,0,1,0,1,1,1
30,181,3,2,0,1,0,1,1,1
37,190,4,2,565,1,0,1,1,0
44,21,1,1,0,0,0,0,1,0
54,183,1,1,0,0,0,0,1,1
49,79,4,3,212,0,0,0,1,0
36,172,4,2,295,1,0,0,1,0
34,184,3,1,0,1,0,0,0,0
35,188,1,3,282,1,0,0,1,0
65,113,4,3,0,0,0,0,1,0
48,35,1,1,0,0,1,0,1,0
49,114,1,3,0,1,0,0,1,0
45,122,4,2,0,1,0,0,1,0
57,113,4,3,327,1,0,0,1,0
50,58,1,2,0,0,0,0,1,0
59,63,1,1,0,0,0,0,1,1
27,140,1,2,175,1,1,1,1,0
56,190,3,1,0,1,0,1,1,0
46,102,3,3,0,1,0,0,1,0
44,130,4,2,0,1,0,0,0,0
28,142,1,1,0,0,0,0,1,0
41,78,4,1,99,0,0,0,1,0
33,145,1,1,437,0,0,0,1,0
26,132,2,3,0,1,0,0,0,1
62,195,4,3,522,1,0,1,1,1
61,53,3,2,0,0,0,0,1,0
29,41,1,3,0,0,0,0,1,1
32,84,3,2,0,0,0,0,1,1
44,162,4,1,301,1,0,0,0,0
54,121,2,3,0,1,1,0,0,0
55,153,2,2,0,1,1,1,1,0
50,179,1,1,0,0,0,0,1,0
42,103,1,1,0,1,1,1,1,1
57,80,4,2,0,0,0,0,0,0
40,164,1,2,0,1,0,0,0,0
33,81,3,1,0,0,0,0,1,1
62,148,3,2,0,1,0,0,1,0
62,169,3,2,184,1,0,1,1,1
53,50,4,3,152,0,0,0,1,0
43,130,2,3,221,1,0,0,0,1
50,31,1,3,0,0,0,0,0,0
27,158,3,2,0,1,0,1,1,0
34,141,2,3,0,1,0,0,0,1
28,33,3,1,167,0,0,0,1,0
45,134,4,2,0,1,0,1,1,1
64,168,4,3,0,1,0,0,1,0
32,74,4,2,257,0,0,0,0,1
54,51,2,3,0,0,0,0,0,0
39,31,1,3,88,0,0,0,1,1
26,85,2,3,0,0,0,0,0,0
26,129,3,2,0,1,0,0,0,0
61,19,1,3,0,0,0,0,1,0
43,179,3,1,0,1,1,1,1,0
42,65,3,3,256,0,0,0,1,0
57,131,3,1,0,1,0,0,1,0
34,175,4,3,0,1,1,1,1,1
34,114,3,3,0,1,0,0,0,0
47,124,4,3,0,1,0,0,0,0
40,83,1,3,0,0,0,0,0,0
27,99,1,3,149,1,0,0,0,1
41,158,1,2,0,1,1,1,0,1
34,55,4,2,147,0,0,0,0,1
61,49,4,2,185,0,0,0,0,0
42,173,2,2,373,1,0,1,1,1
61,59,1,2,0,0,0,0,0,0
65,94,4,1,120,1,0,1,1,1
60,39,2,3,0,0,0,0,1,0
48,24,4,1,0,0,0,0,1,0
47,81,4,3,0,0,0,0,1,1
43,111,4,3,0,1,0,0,1,0
50,179,4,2,0,1,0,0,1,0
52,93,4,2,0,1,0,0,0,1
55,159,1,3,0,1,0,0,0,0
56,29,4,2,87,0,0,0,1,0
56,140,4,1,292,1,0,0,0,0
42,141,3,2,0,1,0,0,0,0
63,132,1,2,0,1,0,0,1,0
39,78,1,3,0,0,0,0,0,0
46,105,4,1,0,1,0,0,0,0
60,153,3,3,0,1,0,0,0,1
53,174,1,2,0,1,0,0,1,0
42,164,1,3,0,1,1,1,1,1
35,132,1,1,82,0,0,0,0,1
34,32,4,3,0,0,0,0,1,0
27,141,4,3,354,1,0,0,0,0
62,125,1,3,0,1,0,0,1,0
61,18,3,3,0,0,0,0,0,0
42,39,1,3,0,0,0,0,1,0
49,93,1,1,0,0,0,0,1,1
49,115,3,3,0,1,0,0,0,0
51,53,1,2,0,0,0,0,1,0
45,163,3,2,0,1,0,1,0,1
28,182,3,2,442,1,0,1,1,1
46,170,2,1,0,0,0,0,0,0
35,83,4,3,315,0,0,0,1,0
25,44,4,2,0,0,0,0,0,1
46,135,3,1,213,1,0,0,1,0
35,142,4,3,0,1,0,0,0,0
55,94,1,3,221,0,0,0,0,0
54,82,3,2,0,1,0,0,1,0
29,113,2,2,84,0,0,0,1,1
36,9,4,3,0,0,0,0,1,0
66,114,1,3,0,0,0,0,1,1
64,32,2,1,0,0,0,0,1,1
43,80,3,1,0,0,0,1,1,1
64,18,2,3,0,0,1,1,1,1
60,128,1,1,0,0,0,0,1,0
57,135,3,2,0,1,1,1,1,0
47,132,1,1,0,0,0,0,1,0
46,125,2,3,0,1,0,0,1,0
26,88,2,2,0,0,0,0,0,0
61,172,4,1,0,1,0,1,1,1
63,149,2,3,364,1,0,0,1,0
54,120,4,2,431,1,0,0,1,0
34,131,2,1,156,0,0,0,1,1
31,133,1,3,0,1,0,0,0,0
36,154,3,1,0,1,1,0,0,0
30,182,4,3,94,1,0,0,1,0
46,15,4,3,0,0,1,0,1,0
33,125,1,3,0,1,0,0,1,0
30,95,1,3,146,1,0,0,0,1
59,13,4,2,0,0,0,0,0,0
45,144,4,1,210,1,0,0,1,0
30,118,4,3,0,1,0,0,1,0
45,109,3,1,0,0,0,0,0,0
37,72,4,3,0,0,1,0,0,0
46,54,4,1,189,0,0,0,1,1
30,31,3,2,142,0,0,0,0,0
32,169,1,3,272,1,1,1,1,0
53,139,1,3,0,1,0,0,0,0
42,153,3,1,416,1,0,0,0,0
60,165,3,1,0,1,0,0,0,1
29,128,2,2,209,1,0,0,1,0
33,20,1,3,0,0,0,0,0,0
61,130,2,3,0,1,0,0,0,0
29,162,1,1,0,0,0,0,0,1
50,99,1,1,368,1,1,1,0,1
35,148,1,3,0,1,0,0,1,0
34,154,3,2,0,1,0,0,1,0
37,30,2,1,146,0,0,0,0,0
34,141,3,2,260,1,0,0,1,0
49,140,1,3,0,1,0,0,0,1
53,61,4,1,177,0,0,0,0,0
33,22,1,2,0,0,0,0,0,0
29,120,1,2,0,1,1,1,0,1
38,129,4,3,75,1,0,0,1,0
42,38,1,1,0,0,1,0,0,0
33,139,1,1,0,0,0,0,0,0
63,41,2,1,0,0,0,0,0,0
50,160,4,3,410,1,0,0,0,0
36,184,2,2,0,1,0,0,0,0
37,43,4,2,0,0,1,0,0,0
63,131,3,3,229,1,0,0,1,0
28,118,3,2,161,1,0,0,0,0
44,30,1,3,0,0,0,0,1,0
59,174,1,1,0,0,0,0,1,1
26,83,3,2,0,1,0,0,1,0
45,142,1,2,0,1,0,0,1,0
56,70,3,3,273,0,0,0,1,1
59,108,4,2,304,1,0,0,1,0
27,135,3,3,449,1,0,0,0,1
66,14,4,2,0,0,0,0,0,0
53,64,4,1,0,0,0,0,1,1
30,80,4,2,0,0,1,0,1,0
30,115,4,2,0,1,0,0,1,0
46,71,2,1,0,0,0,0,1,1
54,140,1,1,0,0,0,0,1,0
36,164,2,1,0,0,0,0,1,1
47,28,4,1,0,0,0,0,1,0
62,19,3,2,97,0,0,0,1,0
34,35,3,1,0,0,0,0,0,0
57,50,4,3,0,0,0,0,1,0
35,188,2,2,259,1,0,0,1,0
63,178,4,3,0,1,0,0,0,0
33,131,3,3,0,1,1,0,0,0
32,129,4,2,0,1,0,0,0,1
31,43,1,1,0,0,0,0,0,0
33,15,1,2,82,0,1,1,1,1
42,158,2,2,277,1,0,0,0,1
62,142,2,3,0,1,0,0,0,1
26,119,2,1,381,0,0,0,1,1
42,139,2,3,0,1,0,0,1,0
65,63,3,2,0,0,0,0,1,0
44,129,2,1,0,0,0,0,1,0
27,35,1,2,0,0,0,0,0,0
64,179,2,3,400,1,0,0,0,0
61,188,1,2,0,1,0,0,0,0
29,123,3,3,428,1,0,0,1,0
32,119,4,3,0,1,0,0,1,0
37,123,4,2,253,1,0,1,1,1
59,23,4,2,78,0,0,0,0,0
43,123,3,1,0,1,0,0,1,0
29,31,1,3,0,0,0,0,0,0
58,38,3,3,0,0,0,0,1,0
39,93,4,3,0,1,0,0,1,0
38,182,3,3,0,1,0,1,1,1
59,85,1,3,0,1,0,1,0,1
64,84,1,1,0,0,0,0,0,0
47,95,2,2,0,1,0,0,0,0
50,11,4,3,0,0,0,0,0,1
62,80,4,2,0,0,0,0,0,0
62,93,3,3,0,1,0,1,1,1
31,35,2,2,0,0,0,0,0,1
61,154,3,3,351,1,0,1,1,1
30,124,2,1,0,0,0,0,1,0
53,173,4,1,427,1,0,0,1,0
58,191,4,3,194,1,0,0,0,1
51,175,3,1,312,1,0,0,0,0
27,142,3,1,0,1,0,0,0,0
34,180,2,3,0,1,0,1,1,0
42,65,3,3,0,0,0,0,1,1
53,39,4,3,0,0,0,0,1,0
59,21,2,2,0,0,0,0,1,0
58,70,4,1,0,0,1,0,0,0
51,19,1,1,0,0,0,0,0,0
26,71,4,2,0,0,1,0,1,0
36,58,1,2,0,0,0,0,0,0
60,155,1,3,0,1,0,0,0,1
52,179,4,3,0,1,0,0,0,0
49,138,2,2,0,1,0,0,1,0
41,81,2,1,146,0,0,0,1,1
48,54,1,2,0,0,0,0,0,0
40,34,1,1,0,0,0,0,1,1
53,141,2,3,0,1,0,0,0,0
58,23,3,2,131,0,0,0,0,0
43,83,4,3,0,0,0,0,1,0
53,85,1,3,118,0,0,0,1,0
59,180,2,2,0,1,1,1,1,1
44,123,3,1,0,1,0,1,1,1
51,163,2,3,0,1,0,0,1,0
59,74,4,1,0,0,0,0,1,1
54,108,4,2,0,1,0,0,1,0
35,23,4,3,0,0,0,0,0,1
63,135,2,3,183,1,0,0,0,0
48,144,4,2,0,1,0,0,0,0
60,139,4,1,0,1,0,0,1,0
41,143,2,3,209,1,0,0,1,0
42,154,3,1,0,1,0,1,1,1
29,91,1,3,0,1,0,0,0,0
36,11,1,3,0,0,1,1,1,1
26,82,2,1,199,0,0,0,0,0
40,89,3,2,216,1,1,1,1,0
50,21,1,1,89,0,0,0,1,0
59,88,4,2,0,0,0,0,0,0
49,39,3,2,0,0,0,0,0,0
60,173,3,3,0,1,0,0,1,0
37,45,1,1,0,0,0,0,0,0
54,83,1,3,0,0,0,0,0,0
54,81,1,3,0,0,0,0,0,0
41,165,2,1,157,0,0,0,0,0
52,155,3,2,0,1,0,0,1,0
52,158,2,3,251,1,0,0,0,1
57,52,1,1,0,0,0,0,1,0
52,194,2,2,0,1,0,0,1,0
25,150,1,1,0,0,0,0,0,0
28,34,4,2,162,0,0,0,0,1
26,195,3,3,0,1,1,1,1,0
23,149,2,1,0,0,0,0,1,0
66,95,2,3,0,0,0,0,1,0
63,191,2,3,205,1,0,0,0,0
30,73,1,2,133,0,0,0,1,0
49,130,4,1,281,1,0,1,1,0
52,85,3,3,0,1,0,0,0,0
64,98,3,2,80,0,0,0,1,0
35,41,3,1,0,0,0,0,1,0
45,128,4,3,0,1,0,0,1,0
44,132,3,1,308,1,0,0,0,0
34,188,1,3,0,1,0,0,1,0
65,170,4,2,0,1,0,1,1,1
41,93,1,3,0,0,0,0,1,0
38,44,2,1,0,0,0,0,0,0
49,13,4,1,111,0,0,0,1,0
32,42,1,3,102,0,0,0,1,0
64,143,2,3,0,1,1,1,1,0
53,12,2,2,0,0,0,0,0,1
51,59,1,1,139,0,0,0,1,0
26,182,2,2,0,1,0,0,0,0
38,63,1,2,0,0,1,0,1,0
26,184,2,3,577,1,0,1,1,1
45,44,3,2,193,0,0,0,0,0
40,140,3,1,0,1,0,0,0,0
40,29,1,3,0,0,0,0,1,0
43,35,1,1,0,0,0,0,0,0
39,141,4,1,0,1,1,1,1,1
33,145,1,3,0,1,0,0,1,0
38,45,4,2,138,0,0,0,1,0
30,14,4,3,0,0,0,0,1,0
29,34,1,3,0,0,0,0,0,0
61,83,2,3,245,0,0,0,1,0
64,181,2,2,0,1,0,1,1,1
33,178,3,1,0,1,1,1,1,0
60,65,2,1,220,0,0,0,0,1
54,92,2,1,0,0,0,0,1,0
59,145,4,1,198,1,0,0,1,0
42,85,1,3,272,0,0,0,0,0
63,9,4,2,100,0,0,0,1,1
57,164,2,3,422,1,0,1,1,1
26,164,2,3,301,1,0,0,1,0
33,104,2,3,0,1,0,0,0,1
59,40,3,3,0,0,0,0,1,0
59,53,4,3,174,0,0,0,1,0
37,11,3,2,0,0,0,0,0,0
56,28,1,2,0,0,1,1,1,1
44,111,2,2,0,1,0,0,1,0
55,145,2,3,0,1,0,0,1,0
52,74,1,2,0,0,0,0,1,1
29,182,1,3,0,1,0,0,1,0
24,41,4,3,0,0,0,0,1,0
45,50,3,2,0,0,0,0,1,0
32,41,4,2,0,0,0,0,0,0
29,50,4,2,0,0,0,0,1,0
27,40,4,3,0,0,0,0,0,0
48,133,2,2,0,1,0,0,1,0
62,33,3,3,0,0,0,0,1,0
48,74,3,1,0,0,1,0,1,0
43,71,3,3,179,0,0,0,0,0
33,120,2,3,76,1,0,0,0,1
53,115,2,3,0,1,0,0,0,0
37,59,1,3,0,0,0,0,0,1
25,69,3,3,0,0,0,0,1,0
52,83,1,1,0,1,0,0,1,0
35,180,1,3,571,1,0,1,1,1
58,151,3,2,0,1,0,0,0,0
43,53,3,3,154,0,0,0,0,0
54,133,1,2,0,1,0,0,0,1
34,68,3,2,0,0,0,0,0,0
37,55,1,3,0,0,0,0,1,0
32,81,2,2,0,1,0,0,0,1
37,84,4,3,0,0,0,0,1,0
36,83,1,1,0,0,0,0,0,0
45,102,4,2,81,1,0,0,0,0
27,134,1,2,307,1,0,0,1,0
27,130,3,2,0,1,0,0,0,0
32,142,4,2,120,1,0,1,1,1
42,29,1,3,0,0,0,0,1,0
41,78,4,1,0,0,0,0,1,0
65,143,4,2,0,1,0,0,1,0
38,184,3,1,0,1,0,0,1,0
33,188,2,2,581,1,0,0,0,0
47,38,3,2,0,0,1,0,0,0
40,65,2,1,0,0,0,0,1,0
34,72,3,1,124,0,0,0,0,0
40,63,3,3,221,0,0,0,1,0
39,104,1,3,0,0,0,1,1,1
52,180,1,1,550,0,0,0,1,0
55,44,3,3,0,0,0,0,1,0
49,103,3,2,167,0,0,0,0,0
48,162,3,1,400,1,0,0,0,0
35,108,2,3,0,1,1,0,0,0
54,102,3,2,0,0,0,0,1,0
61,141,3,1,0,1,0,1,1,1
32,140,4,3,0,1,0,1,0,1
56,44,3,1,153,0,0,0,1,0
62,174,1,1,0,0,0,0,1,1
58,25,4,2,90,0,0,0,1,1
50,21,1,1,0,0,0,0,1,0
44,72,3,3,0,0,0,0,1,0
43,38,1,3,144,0,0,0,1,0
26,135,1,1,0,0,0,0,0,0
61,74,2,2,0,0,0,0,1,1
51,173,1,2,0,1,0,0,1,0
35,101,3,3,150,1,0,0,1,0
56,29,4,3,146,0,0,0,0,0
37,24,4,1,0,0,0,0,0,0
62,39,3,1,0,0,0,0,1,0
43,32,3,2,0,0,0,0,0,0
36,123,2,3,0,1,0,0,0,0
29,184,4,3,612,1,0,0,1,0
60,41,3,3,0,0,0,0,0,1
46,115,2,3,0,1,1,1,1,1
34,52,4,1,0,0,0,0,1,0
49,174,3,2,590,1,0,0,0,0
35,135,3,2,0,1,0,0,1,0
58,130,2,1,0,0,0,0,1,0
34,165,1,3,541,1,0,0,0,0
50,133,4,2,342,1,0,0,0,1
46,53,4,1,187,0,0,0,0,0
44,142,1,3,0,1,0,0,0,0
34,41,1,1,0,0,0,0,1,0
57,24,2,3,140,0,0,0,1,0
38,129,3,3,0,1,0,1,1,1
58,58,3,3,0,0,0,0,1,0
45,201,2,1,0,0,0,0,1,1
52,19,1,3,96,0,0,0,1,0
62,19,3,1,89,0,0,0,0,0
49,48,1,2,0,0,0,0,0,1
36,33,4,2,82,0,1,0,1,0
50,42,2,2,110,0,0,0,0,1
36,89,2,1,0,0,0,0,0,0
43,121,1,2,0,1,0,1,1,1
46,19,3,1,0,0,0,0,1,0
28,112,2,2,0,1,0,0,1,0
52,109,1,1,308,0,0,1,1,1
46,122,3,3,0,1,0,1,1,1
53,110,1,1,0,0,0,0,1,0
41,34,1,1,143,0,0,0,0,0
29,31,1,2,0,0,0,0,1,1
29,135,3,1,0,1,0,1,1,1
55,58,4,3,219,0,0,0,0,1
30,15,4,1,85,0,0,0,1,0
65,49,3,2,0,0,0,0,1,0
28,83,3,1,0,0,0,0,1,1
